"Sl. No.","C O N T E N T S","Page
No."
"1","Crime Review on – 1) Murder 2) Dacoity 3) Robbery 4) Burglary
5) Theft 6) Riots 7) Hurt 8) Spl. & local laws 9) Crime against
Women 10) POCSO 11) SC & ST POA Act 12) Security cases
13) Cyber Crimes 14) Economic Offences & 15) MMDR & KMMCR
16) Motor Vehicles Theft Cases 17) NDPS Cases","1-17"
"2","District-wise Reported cases under various heads for the month of February – 2026","18"
"3","Crime Statistics – IPC/BNS Crimes","19-29"
"4","Crime Statistics – Special & Local laws","29-34"
"5","Crime Statistics – Crime against Women","35"
"6","Crime Statistics – Crime against Children","36"
"7","Crime Statistics – Crime against SC & ST","37"
"8","Crime Statistics – Road Accidents","38"
"9","Commissionerate & Range Wise IPC/BNS & SLL Cases","39"
"10","Commissionerate & Range Wise Major heads Cases","40 & 41"
"11","Unit-wise report on Receipts & Disposals under SAKALA services","42-43"
"12","Comparative Crime Statement – 17","44-45"
"13","e-Sign details – FIR & Chargesheet","46-47"
"14","Police IT MT Module log book details","48-50"
"15","Seva Sindhu – February month report","51"
"16","District Wise COTPA Statistics","52"
"Month","Year","Murder for gain","Other
Murders","Total Murder"
"February","2026","3","70","73"
"January","2026","5","95","100"
"February","2025","3","99","102"
"Month","Year","Dacoity Cases"
"February","2026","14"
"January","2026","6"
"February","2025","9"
"Name of the unit","No. of cases","Name of the unit","No. of cases"
"Belagavi District","2","Shivamogga District","2"
"Uttara Kannada District","2","Bengaluru City","1"
"Mangalore City","1","Kalaburgi District","1"
"Haveri District","1","Kolar District","1"
"Koppal District","1","Mysore District","1"
"Raichur District","1","",""
"Month","Year","Chain
Snatching","Robbery (Except Chain Snatching)","Total Robbery"
"February","2026","33","53","86"
"January","2026","27","64","91"
"February","2025","37","43","80"
"Month","Year","Burglary Night","Burglary Day","Total"
"February","2026","291","89","380"
"January","2026","355","86","441"
"February","2025","316","72","388"
"Month","Year","Reported"
"February","2026","1637"
"January","2026","1745"
"February","2025","1636"
"Month","Year","Riots"
"February","2026","268"
"January","2026","318"
"February","2025","273"
"Month","Year","Cases of Hurt"
"February","2026","1418"
"January","2026","1445"
"February","2025","1217"
"Month","Year","Special & Local Laws"
"February","2026","5304"
"January","2026","5930"
"February","2025","4308"
"Month","Year","Rape","Dowry Death"
"February","2026","41","5"
"January","2026","45","12"
"February","2025","60","9"
"Month","Year","POCSO"
"February","2026","341"
"January","2026","361"
"February","2025","348"
"Month","Year","SC/ST POA Act"
"February","2026","203"
"January","2026","225"
"February","2025","185"
"Month","Year","Security Cases","Total"
"107 Cr.PC/126
BNSS","109 Cr.PC/128
BNSS","110 Cr.PC/129
BNSS","February","2026","1522","272","1361","3155"
"January","2026","1369","261","723","2353"
"February","2025","1469","666","1064","3199"
"Month","Year","Cyber Crimes"
"February","2026","1028"
"January","2026","1259"
"February","2025","1181"
"Month","Year","Economic Offences"
"February","2026","633"
"January","2026","471"
"February","2025","510"
"Month","Year","MMDR Act","KMMC Rules"
"February","2026","0","1"
"January","2026","11","0"
"February","2025","4","3"
"Month","Year","Motor Vehicles Theft
Cases"
"February","2026","683"
"January","2026","766"
"February","2025","739"
"Month","Year","NDPS Cases"
"February","2026","980"
"January","2026","1398"
"February","2025","416"
"DISTRICT-WISE REPORTED CASES UNDER VARIOUS HEADS FOR THE MONTH OF FEBRUARY - 2026 (AS ON 02/03/2026)"
"Sl. No.","Crime Head","","","","","","","","","","","","","","","","","","","","","","","","","","","","","","","","","","","","","","",""
"1","MURDER","4","0","1","2","15","4","3","1","1","1","1","1","1","2","1","2","2","0","1","0","1","2","0","0","2","1","2","2","0","1","0","4","3","0","4","1","4","3","73"
"2","DACOITY","0","0","0","2","1","0","0","0","0","0","0","0","0","0","0","0","0","0","1","0","0","1","0","0","0","1","1","0","1","0","1","1","2","0","0","2","0","0","14"
"3","ROBBERY","1","2","0","2","19","3","1","2","0","1","4","0","2","0","0","0","0","1","2","0","2","1","1","0","0","0","0","1","0","0","1","1","4","0","0","0","1","1","53"
"3a","CHAIN SNATCHING","0","2","1","1","2","3","1","0","1","0","2","0","0","1","0","0","0","0","0","0","0","0","3","0","1","0","2","0","0","3","0","2","3","3","2","0","0","0","33"
"4a","BURGLARY - DAY","3","4","1","2","13","2","4","1","1","1","3","0","0","1","2","1","10","0","2","4","0","0","0","0","0","2","6","1","0","1","1","6","5","0","3","0","7","2","89"
"4b","BURGLARY - NIGHT","4","6","8","25","57","14","15","12","2","5","7","1","6","9","3","5","7","6","1","3","7","4","0","2","1","2","9","0","7","7","9","9","16","1","5","2","11","3","291"
"5","THEFT","14","62","18","68","613","66","27","20","7","9","14","26","21","38","10","10","19","31","5","6","31","15","30","13","18","16","28","18","22","37","83","42","60","18","9","13","29","29","1595"
"5a","SNATCHING","0","0","2","0","35","0","0","0","0","0","0","0","0","0","0","0","0","0","0","1","0","0","0","0","0","3","0","0","0","0","0","0","0","0","0","0","1","0","42"
"6","RIOTS","9","6","3","37","2","3","2","3","6","9","3","16","1","18","7","6","0","10","3","0","10","4","0","1","11","4","2","0","0","17","15","18","3","3","4","9","14","9","268"
"7","CASES OF HURT","7","20","9","80","303","50","28","45","21","33","46","51","12","29","10","5","68","21","14","10","30","14","0","26","21","11","67","15","33","56","14","90","80","12","27","10","38","12","1418"
"8","Spl & Local laws","89","88","90","244","1631","52","68","145","44","119","141","149","41","120","56","73","152","65","68","34","48","69","19","64","46","131","187","113","65","160","232","156","131","43","104","71","89","107","5304"
"9a","RAPE (Sec.376,
376(A) to 376 (D)","0","0","0","4","14","0","0","0","1","0","1","1","1","1","0","0","1","1","1","0","1","0","0","1","1","1","0","1","1","1","3","1","1","0","1","2","0","0","41"
"9b","DOWRY DEATHS","0","0","0","0","0","0","1","0","1","0","0","0","0","0","0","0","0","0","0","0","0","0","0","0","2","0","0","0","1","0","0","0","0","0","0","0","0","0","5"
"10","POCSO","7","4","3","24","53","9","4","5","4","17","8","7","2","9","2","0","10","12","5","1","5","1","0","13","8","5","9","3","2","14","9","12","9","4","6","4","4","47","341"
"11","SC ST & POA Act","1","4","1","12","17","5","3","2","1","7","9","4","1","6","7","5","8","5","2","0","4","2","0","3","4","6","7","2","1","15","14","14","14","4","5","1","6","1","203"
"12a","107 Cr.P.C./126 BNSS","223","13","63","141","55","13","16","62","28","18","69","42","9","19","55","45","45","20","11","17","25","29","1","13","5","44","14","50","13","27","13","32","32","17","73","28","52","90","1522"
"12b","109 Cr.P.C/128 BNSS","2","7","7","13","93","6","4","5","0","1","4","3","0","16","0","2","7","2","1","2","0","3","31","0","0","4","7","0","2","4","9","0","19","0","6","2","7","3","272"
"12c","110 Cr.P.C/129 BNSS","0","2","9","6","442","7","227","11","11","55","6","0","0","4","0","1","55","0","2","136","2","6","12","0","1","1","11","23","25","2","5","1","186","2","1","19","17","73","1361"
"13","CYBER CRIME
(INFORMATION","6","6","10","14","694","18","23","2","1","20","13","8","16","6","7","5","7","9","17","8","4","5","1","6","2","3","11","11","11","9","2","13","9","15","6","1","26","3","1028"
"14a","Cr. Br. of Trust","1","2","0","5","45","3","3","4","1","0","1","1","0","1","0","1","1","3","1","0","0","0","0","1","1","0","0","5","8","1","1","1","0","2","0","0","0","0","93"
"14b","CHEATING","4","13","7","9","262","25","9","6","5","10","5","15","4","4","4","8","9","4","4","4","3","6","0","6","7","4","11","8","11","7","6","5","17","11","8","1","12","4","538"
"14c","COUNTERFEITING","0","0","0","0","1","0","0","0","0","0","0","0","0","0","0","0","0","0","0","0","0","0","0","0","0","0","0","0","0","0","0","1","0","0","0","0","0","0","2"
"15","KMMC","0","0","0","0","0","0","0","0","0","0","0","1","0","0","0","0","0","0","0","0","0","0","0","0","0","0","0","0","0","0","0","0","0","0","0","0","0","0","1"
"15a","MMDR","0","0","0","0","0","0","0","0","0","0","0","0","0","0","0","0","0","0","0","0","0","0","0","0","0","0","0","0","0","0","0","0","0","0","0","0","0","0","0"
"16","Motor vehicles Theft Cases","4","28","13","29","330","37","14","12","1","1","3","9","2","15","2","4","6","8","1","1","5","9","8","1","7","5","10","7","16","19","10","14","25","6","3","3","14","2","684"
"17","NDPS Cases","1","5","23","14","441","4","4","1","3","2","38","3","9","25","3","1","19","3","8","5","3","19","12","31","9","4","20","66","33","46","29","52","13","6","19","1","2","3","980"
"Sl. No.","Heads of Crime","During the
current year
upto the end of month under 
review","During the
corresponding
month of
previous year","During the
previous month","During the
current month"
"","A - IPC Crime","","","",""
"1","Murder (Sec.302/303 IPC/103,104 BNS)","","","",""
"","For gain","8","3","5","3"
"","Over Property Dispute","2","5","0","2"
"","Due to Personal Vendetta or enemity","2","6","1","1"
"","Due to Sexual jealousy","2","4","1","1"
"","For dowry by burning","0","0","0","0"
"","For dowry by other means","2","0","1","1"
"","Due to Communalism","0","0","0","0"
"","Due to Casteism","0","0","0","0"
"","Witch Craft (Sorcery)","0","0","0","0"
"","For Human Sacrifice","0","0","0","0"
"","Due to Terrorism/Naxalism / Extremism","0","0","0","0"
"","For Political Reasons","0","0","0","0"
"","Due to Adultery","2","2","2","0"
"","Civil Disputes","5","7","4","1"
"","Electoral Gain","0","0","0","0"
"","Gang Rivalry","0","0","0","0"
"","Love Intrigue","2","1","0","2"
"","Professional","0","0","0","0"
"","Psychopathic/Serial Killer/Lunacy","0","0","0","0"
"","Rape with Murder","4","1","2","2"
"","Revenge/Enemity","3","0","2","1"
"","Sudden Quarrel","10","12","5","5"
"","Village Dispute","0","0","0","0"
"","Custodial","0","0","0","0"
"","Due to Other Causes","131","61","77","54"
"","Sub Total","173","102","100","73"
"2","ATTEMPT TO MURDER (Sec. 307 IPC/109BNS)","","","",""
"","For Gain","5","0","4","1"
"","Over Property Dispute","5","4","3","2"
"","Due to Personal Vendetta or enemity","16","3","8","8"
"","Due to Sexual jealousy","2","0","0","2"
"","For Dowry other Means","6","5","1","5"
"","Dowry By Burning","0","0","0","0"
"","Due to Communalism","2","0","0","2"
"","Due to Casteism","0","0","0","0"
"","Witch Craft (Sorcery)","0","0","0","0"
"","For Human Sacrifice","0","0","0","0"
"","Terrorism /Naxalism / Extremism","0","0","0","0"
"","For Political Reasons","1","1","1","0"
"","Adultery","1","1","0","1"
"","Electoral Gain","0","0","0","0"
"","Gang Rivalry","1","0","1","0"
"","Love Intrigue","2","2","0","2"
"","Professional","0","0","0","0"
"","Rape","0","0","0","0"
"","Revenge/Enemity","35","18","17","18"
"","Sudden Quarrel","65","24","41","24"
"","Village Dispute","4","1","1","3"
"","Due to Other Causes","370","148","172","198"
"","Civil Disputes","57","29","26","31"
"","Sub Total","572","236","275","297"
"Sl. No.","Heads of Crime","During the
current year
upto the end of month under 
review","During the
corresponding
month of
previous year","During the
previous month","During the
current month"
"3","CULPABLE HOMICIDE NOT AMOUNTING TO MUDER (Sec.304 IPC/105 BNS)","","","",""
"","For Gain","0","0","0","0"
"","Over Civil Dispute","0","0","0","0"
"","Due to Personal Vendetta or enemity","0","0","0","0"
"","Due to Sexual jealousy","0","0","0","0"
"","For Dowry","0","0","0","0"
"","Due to Communalism","0","0","0","0"
"","Due to Casteism","0","0","0","0"
"","Witch Craft (Sorcery)","0","0","0","0"
"","For Human Sacrifice","0","0","0","0"
"","Terrorism /Naxalism / Extremism","0","0","0","0"
"","For Political Reasons","0","0","0","0"
"","Adultery","0","0","0","0"
"","Property Disputes","0","0","0","0"
"","Electoral Gain","0","1","0","0"
"","Gang Rivalry","0","0","0","0"
"","Love Intrigue","0","0","0","0"
"","Professional","0","0","0","0"
"","Sudden Quarrel","1","4","0","1"
"","Due to Other Causes","7","10","3","4"
"","Fatal (Drink & Drive)","0","2","0","0"
"","Sub Total","8","17","3","5"
"4","ATTEMPT TO CULPABLE HOMICIDE NOT
AMOUNTING TO MURDER (Sec. 308 IPC/110 BNS)","","","",""
"","For Gain","0","0","0","0"
"","Over Civil Dispute","0","0","0","0"
"","Due to Personal Vendetta or enemity","0","0","0","0"
"","Due to Sexual jealousy","0","0","0","0"
"","For Dowry","0","0","0","0"
"","Due to Communalism","0","0","0","0"
"","Due to Casteism","0","0","0","0"
"","Witch Craft (Sorcery)","0","0","0","0"
"","For Human Sacrifice","0","0","0","0"
"","Terrorism /Naxalism / Extremism","0","0","0","0"
"","For Political Reasons","0","0","0","0"
"","Due to Other Causes","8","2","5","3"
"","Adultery","0","0","0","0"
"","Property Disputes","0","0","0","0"
"","Electoral Gain","0","0","0","0"
"","Gang Rivalry","0","0","0","0"
"","Love Intrigue","0","0","0","0"
"","Professional","0","0","0","0"
"","Sudden Quarrel","1","0","0","1"
"","Sub Total","9","2","5","4"
"5","RAPE (Sec.376, 376(A) to 376 (D) IPC/64 TO 71 BNS)","","","",""
"","Custodial Rape","0","0","0","0"
"","Attempt to Commit","2","2","0","2"
"","By a Gang","4","1","3","1"
"","By Parents","0","0","0","0"
"","By Hospital Staff","1","0","0","1"
"","By Husband During Sepearation","0","0","0","0"
"","By Neighbours","6","3","3","3"
"","By Relatives","3","0","2","1"
"","In Jail Custody","0","0","0","0"
"","In Remand Home","0","0","0","0"
"","InCest","0","0","0","0"
"","Known Person","36","32","20","16"
"","Unknown Person","2","0","1","1"
"","Due to Other Causes","32","22","16","16"
"","On Minor","0","0","0","0"
"","Sub Total","86","60","45","41"
"6","Sexual Intercourse by employing deceitful means (Se 69 BNS)","","","",""
"","False promises of marriage","78","10","40","38"
"","Falsely claiming a job promotion or employment","1","0","1","0"
"","Suppressing identity to induce marriage","0","0","0","0"
"","Other","1","0","1","0"
"","Sub Total","80","10","42","38"
"Sl. No.","Heads of Crime","During the
current year
upto the end of month under 
review","During the
corresponding
month of
previous year","During the
previous month","During the
current month"
"7","KIDNAPPING AND ABDUCTION (Sec.360, 361, 363 to 369 IPC/137(1)(A),137(1)(B),137(2),140 TO 142,97 BNS)","","","",""
"","Missing - Boy","198","69","119","79"
"","Missing - Girl","499","194","246","253"
"","For Ransom - of Children","1","0","1","0"
"","For Ransom - of Cildren for Begging","0","0","0","0"
"","For Ransom - of Women","0","2","0","0"
"","For Ransom - of Girls for Immoral Purpose","1","0","0","1"
"","For Ransom - of Others","9","6","5","4"
"","Procuration of Minor Girls - For Prostitution","0","0","0","0"
"","Procuration of Minor Girls - Importring of Girl","0","0","0","0"
"","Procuration of Minor Girls - For other Purpose","0","2","0","0"
"","Espionage","0","0","0","0"
"","Intent to Steal From Child","0","0","0","0"
"","Murder (Homicide)","0","0","0","0"
"","Obtain Signature Forcibly","1","0","0","1"
"","Recovering Loan","1","0","0","1"
"","Settling any Disputes","0","1","0","0"
"","Unnatural Lust / Illicit Intercourse","0","0","0","0"
"","Wrongful Confinement","4","1","2","2"
"","For Exporting","0","0","0","0"
"","From Lawful Guardianship","1","0","0","1"
"","For Camel Racing Etc.","0","0","0","0"
"","To Compel For Marriage","1","0","0","1"
"","For Slavery","0","0","0","0"
"","For Stealing From its Person","0","0","0","0"
"","Others","67","33","31","36"
"","Sub Total","783","308","404","379"
"8","DACOITY (Sec. 395 to 398
IPC/310(2),310(4),311,312 BNS)","","","",""
"","At ATM","0","0","0","0"
"","At Residential Premises","3","1","1","2"
"","On Highways","5","1","3","2"
"","In Trains","0","1","0","0"
"","At Banks","0","0","0","0"
"","At Commercial Places / Establishments","1","0","0","1"
"","On Other Roads","2","4","1","1"
"","In Other Places","9","2","1","8"
"","River & Sea","0","0","0","0"
"","Sub Total","20","9","6","14"
"8a","Preparation And Assembly for Dacoity","6","7","3","3"
"9","Robbery (Sec.392 to 394
IPC/309(4),309(5),309(6) BNS)","","","",""
"","At ATM","0","0","0","0"
"","At Residential Premises","16","8","9","7"
"","On Highways","8","6","7","1"
"","In Trains","0","0","0","0"
"","At Banks","0","0","0","0"
"","At Commercial Places / Establishments","13","1","10","3"
"","In Other Places","72","24","33","39"
"","Chain Snatching","60","37","27","33"
"","Attempt to Commit","8","4","5","3"
"","Sub Total","177","80","91","86"
"10","BURGLARY - NIGHT (Sec. 380 IPC R/W 453 TO 460, 462 IPC/305,R/W 331(1) TO 331(8),334(2) BNS)","","","",""
"","At Residential Premises","420","204","223","197"
"","On Highways","0","1","0","0"
"","In Trains","0","0","0","0"
"","At Banks","9","2","4","5"
"","At Commercial Places / Establishments","91","44","48","43"
"","In Other Places","56","40","31","25"
"","Temple Theft","70","25","49","21"
"","Sub Total","646","316","355","291"
"Sl. No.","Heads of Crime","During the
current year
upto the end of month under 
review","During the
corresponding
month of
previous year","During the
previous month","During the
current month"
"11","BURGLARY - DAY (Sec. 380 IPC R/W 453 TO
460, 462 IPC/305,R/W 331(1) TO 331(8), 334(2) BNS)","","","",""
"","At Residential Premises","158","66","77","81"
"","On Highways","0","0","0","0"
"","In Trains","0","0","0","0"
"","At Banks","0","0","0","0"
"","At Commercial Places / Establishments","10","2","6","4"
"","In Other Places","5","2","2","3"
"","Temple Theft","2","2","1","1"
"","Sub Total","175","72","86","89"
"","Total Burglary (Burglary Day + Burglary Night)","821","388","441","380"
"12","THEFT (Sec.379 to 389 IPC/303(2) TO 308(7) BNS)","","","",""
"","Attempt to commit","12","4","6","6"
"","Of Automobiles - Of Tractors","8","7","4","4"
"","In Running Bus","18","12","7","11"
"","Of Snatching","81","27","39","42"
"","At ATM","6","1","0","6"
"","Of Sand","346","119","174","172"
"","Government Office","5","2","2","3"
"","Of Mines","16","7","11","5"
"","Communication And Elec. Wire","58","27","29","29"
"","Of Cattle","96","38","56","40"
"","Of Cycle","3","7","2","1"
"","Of Automobiles - Of Lorries/Trucks","11","7","4","7"
"","Of Automobiles - Of Buses","1","0","0","1"
"","Of Automobiles - Of Cars / Jeeps","33","23","21","12"
"","Of Automobiles - Of Two Wheelers","1377","681","729","648"
"","Of Automobies - of Three Wheelers","19","21","8","11"
"","Of Accessories of Motor Vehicle","26","24","14","12"
"","Govt. Vehicle","0","0","0","0"
"","Electronic Goods (Radio, TV, VCR, Acs, Office Automation Equipments) ","152","66","82","70"
"","Of Fire Arms","0","0","0","0"
"","Of Explosives","0","0","0","0"
"","Of Cultural - Idols","1","0","0","1"
"","Of Cultural - Painting","0","0","0","0"
"","Of Cultrual - Others","36","15","17","19"
"","Cash","66","49","29","37"
"","Jewellery","218","169","102","116"
"","Other Items Not Included Above","301","140","155","146"
"","In Running Train","2","6","1","1"
"","Extortion","35","25","18","17"
"","House Theft","343","136","177","166"
"","Servant Theft","112","23","58","54"
"","Sub Total","3382","1636","1745","1637"
"13","RIOTS (Sec.141 to 153 IPC/189(1) TO
189(6),191(1)TO 191(3), 190,192,195 BNS))","","","",""
"","Land Dispute","150","69","89","61"
"","Employee - Govt.","0","0","0","0"
"","Labour - Private Sector","1","0","1","0"
"","Labour - Public Sector","0","0","0","0"
"","Linguistic","0","0","0","0"
"","Political","1","0","0","1"
"","Regional","1","0","0","1"
"","Sectarian","0","0","0","0"
"","Students","1","0","1","0"
"","Tribal","0","0","0","0"
"","Due to Village Disputes","0","0","0","0"
"","Communal","3","0","1","2"
"","Industrial","1","0","0","1"
"","Caste","0","1","0","0"
"","Agrarian","0","0","0","0"
"","Others","428","203","226","202"
"","Sub Total","586","273","318","268"
"Sl. No.","Heads of Crime","During the
current year
upto the end of month under 
review","During the
corresponding
month of
previous year","During the
previous month","During the
current month"
"14","OFFENCES AGAINST STATE (Sec. 121 to 130, except 124(A) IPC/147 TO 158 BNS)","0","0","0","0"
"15","OFFENCES PROMOTING ENEMITY (Sec. 153(A), 154(B) & 505 IPC/196, 197 & 353 BNS","45","5","16","29"
"16","CRIMINAL BREACH OF TRUST (Sec. 406 to 409 IPC/316(2) to 316(5) BNS)","151","61","58","93"
"17","CHEATING (Sec.417 to 420 IPC/318(2)to 318(4), 319(2) BNS)","949","449","411","538"
"18","COUNTERFEITING (Sec. 231 to 263 (A), 489(A) to 489 (E) IPC/178 TO 185 BNS)","","","",""
"","Stock Share, Debentrue Certificate","0","0","0","0"
"","Usage of Counterfeit Stamp","0","0","0","0"
"","Of Coins (Sec 231 to 254 IPC)","0","0","0","0"
"","Of Stamps (Sec.255 to 263(A) IPC)","0","0","0","0"
"","Of Currency Notes And Bank Notes (Sec. 489 (A) to 489 (E) IPC)","4","0","2","2"
"","Of Others","0","0","0","0"
"","Sub Total","4","0","2","2"
"19","FORGERY (Sec. 465, 468, 471, 473, 476, 477 & 477(A) 
IPC/336(2),336(3),340(2),341(2),342(2),343,
344 BNS)","","","",""
"","Forgery","78","34","38","40"
"","Organised (Racket)","1","0","1","0"
"","Forgery of Passport","1","0","0","1"
"","Other Forgery","28","13","10","18"
"","Sub Total","108","47","49","59"
"20","CASES OF HURT (Sec. 323 to 335 IPC except 328, 332, 333/115(2) TO 122(2) EXCEPT 
121(1),121(2) BNS)","","","",""
"","Acid Attack (326(a))","0","2","0","0"
"","Attempt to Acid Attack (326(b))","0","0","0","0"
"","Grievous Hurt","178","92","89","89"
"","Simple Hurt","2685","1123","1356","1329"
"","Custodial","0","0","0","0"
"","Sub Total","2863","1217","1445","1418"
"21","ADULTERATION (Sec. 272, 273 to 276 IPC/274,275 TO 278 BNS)","","","",""
"","Attempt to Commit","0","0","0","0"
"","Alcoholic Drink (Liquor)","1","1","0","1"
"","Cement & Chemical/Fertiliser","0","0","0","0"
"","Cosmetics","0","0","0","0"
"","Diesel","0","0","0","0"
"","Drug/Medicine","1","0","1","0"
"","Edible Oil","0","0","0","0"
"","Food Grain","0","0","0","0"
"","Kerosene","0","0","0","0"
"","Life Saving Drug","0","0","0","0"
"","Mobile Oil","0","0","0","0"
"","Petrol","0","0","0","0"
"","Petroleum Product","0","0","0","0"
"","Soft Drinks","0","0","0","0"
"","Spices","0","0","0","0"
"","Others","1","2","0","1"
"","Sub Total","3","3","1","2"
"22","AFFRAY (Sec. 160 IPC/194(2) BNS)","174","39","78","96"
"23","ARSON (Sec. 435, 436, 438 IPC/326(f),326(g),327(g) BNS)","","","",""
"","Agricultural Produce","11","12","4","7"
"","Attemp to Commit","1","0","0","1"
"","Boat / Ship","0","0","0","0"
"","Dwelling House","9","2","8","1"
"","Educational Institution","1","0","0","1"
"","Govt. Property","0","1","0","0"
"","Industrial Establishment","1","0","0","1"
"","Place of worship","0","0","0","0"
"","Public Place","2","1","0","2"
"","Railway Property","0","0","0","0"
"","Vital Installation","0","0","0","0"
"","Warehouse (Godown)","0","1","0","0"
"","Others","21","13","8","13"
"","Sub Total","46","30","20","26"
"Sl. No.","Heads of Crime","During the
current year
upto the end of month under 
review","During the
corresponding
month of
previous year","During the
previous month","During the
current month"
"24","ASSAULT (Sec 356, 357 IPC/134,135 BNS)","","","",""
"","Attempt To Commit","0","1","0","0"
"","On Contractor","0","0","0","0"
"","On Domestic Servant","0","0","0","0"
"","On Labourer","1","0","1","0"
"","On Man (General)","3","1","0","3"
"","On Man (SC)","0","0","0","0"
"","On Man (ST)","0","0","0","0"
"","On Manager/Executive (Other Than Public Servant) ","0","0","0","0"
"","On Member of Clergy (Christian, Budhist, Jain, Sikh)","0","0","0","0"
"","Member of Legislative Assembly / Council (MLA/MLC)","0","0","0","0"
"","On Member of Parliament (MP)","0","0","1","0"
"","On other Dignitaries /Public Figures","1","0","0","0"
"","On Press","0","0","0","0"
"","On Professional","0","0","0","0"
"","On Public Servant","0","0","0","0"
"","On Student","0","0","0","0"
"","On Teacher","0","0","0","0"
"","On Women (General)","2","0","2","0"
"","On Woman (SC)","0","0","0","0"
"","On Woman (ST)","0","0","0","0"
"","Sub Total","7","2","4","3"
"25","COMMUNAL / RELIGION (Sec. 295 to 297 IPC/298 TO 301 BNS)","","","",""
"","Attempt to Commit","0","0","0","0"
"","Caste Issue","1","1","0","1"
"","Communal Issue","7","4","3","4"
"","Linguistic Issue","0","0","0","0"
"","Political Issue","0","0","0","0"
"","Racial/Ethnic Issue","0","0","0","0"
"","Regional Issue","6","3","4","2"
"","Religious Issue","11","5","4","7"
"","Sectarian Issue","0","0","0","0"
"","Others","4","6","1","3"
"","Sub Total","29","19","12","17"
"26","CRIMINAL CONSPIRACY (Sec. 120(B), 121(A) IPC/61(2),148 BNS)","","","",""
"","Conspiracy To Wage War","0","0","0","0"
"","Related to Substantive Offence","0","0","0","0"
"","Others","0","3","0","0"
"","Sub Total","0","3","0","0"
"27","CRIMINAL INTIMIDATION (Sec. 504 to 508 IPC/352 TO 354 BNS)","619","262","313","306"
"28","CRIMINAL MISAPPROPRIATION (Sec. 403, 404 IPC/314,315 BNS)","","","",""
"","Attempt to Commit","0","0","0","0"
"","Bank","1","0","1","0"
"","Business Establishment","0","0","0","0"
"","Charitable Organisation","0","0","0","0"
"","Chitfund Organisation","0","0","0","0"
"","Co-operative Organisation","0","0","0","0"
"","Commercial Establishment/Shop","0","0","0","0"
"","Customs Department","0","0","0","0"
"","Excise Department","0","0","0","0"
"","Financial Institution","1","0","0","1"
"","Income Tax Department","0","0","0","0"
"","Other Government Organisation","0","0","0","0"
"","Postal Department","0","0","0","0"
"","Public Sector Undertakings","0","0","0","0"
"","Railway Department","0","0","0","0"
"","Revenue Department","0","0","0","0"
"","Sales Tax Department","0","0","0","0"
"","Social Organisation (Aided) (N)","0","0","0","0"
"","Transport Authority","0","0","0","0"
"","Trust - Other than religious","0","0","0","0"
"","Trust - Religious","0","0","0","0"
"","Others","1","0","1","0"
"","Sub Total","3","0","2","1"
"Sl. No.","Heads of Crime","During the
current year
upto the end of month under 
review","During the
corresponding
month of
previous year","During the
previous month","During the
current month"
"29","CRIMINAL TRESPASS (Sec.447 to 452 IPC/329(3) TO 333 BNS)","","","",""
"","Attempt to Commit","2","1","1","1"
"","Club","1","0","1","0"
"","Hostel","0","0","0","0"
"","Hotel","4","0","2","2"
"","House","114","73","55","59"
"","Land","269","116","136","133"
"","Office","10","5","4","6"
"","Prohibited Places","2","1","2","0"
"","Religious Place","3","0","1","2"
"","Restricted Area","3","1","0","3"
"","Others","39","19","24","15"
"","Sub Total","447","216","226","221"
"30","CRUELTY BY HUSBAND (Sec. 498(A) IPC/85 BNS)","","","",""
"","Husband","155","72","89","66"
"","Husband And Relative(S) in Law","228","96","116","112"
"","Relative(S) in Law","6","2","3","3"
"","Dowry Harassment","62","29","34","28"
"","Sub Total","451","199","242","209"
"31","DOWRY DEATHS (Sec.304(B) IPC/80 BNS)","","","",""
"","By Husband","0","0","0","0"
"","By Husband And Relatives In Law","3","3","2","1"
"","By Relatives in Law","1","0","1","0"
"","By Burning","0","0","0","0"
"","By Hanging","12","4","8","4"
"","By Other Means","1","2","1","0"
"","Sub Total","17","9","12","5"
"32","DEATHS DUE TO RASHNESS/NEGLIGENCE (Sec.304(A) IPC/106 BNS)","","","",""
"","Electrocution","3","1","3","0"
"","Adulterated Food/Drug","0","0","0","0"
"","Accident by Air","0","0","0","0"
"","Boad Accident","0","0","0","0"
"","Bridge/Dam Collapse","0","0","0","0"
"","Building Collapse","1","0","0","1"
"","Caused By Animal","1","0","0","1"
"","Death Due to Other Cause","11","4","8","3"
"","Electrocution Accident","1","2","1","0"
"","Explosion Accident","0","0","0","0"
"","Fire accident","0","0","0","0"
"","Gas Leakage Accident","3","0","2","1"
"","Improper Infrastucture In Construction","15","5","12","3"
"","Improper Medical Treatment","1","0","0","1"
"","In Custody of Public Servant","0","0","0","0"
"","In Jail/Judicial Custody","0","0","0","0"
"","In Police Custody","0","0","0","0"
"","Industrial Accident (Factory)","0","0","0","0"
"","Inflammable Substance","0","0","0","0"
"","Mine Accident","1","1","1","0"
"","Poisonous Substance","0","0","0","0"
"","Quarry Accident","0","0","0","0"
"","Spurious Liquor (Hooch) Accident","0","0","0","0"
"","Railway Accident","0","0","0","0"
"","Others","17","7","10","7"
"","Sub Total","54","20","37","17"
"33","MOTOR VEHICLE ACCIDENTS FATAL (Sec.304(A) IPC/106 BNS)","","","",""
"","National Highways","634","329","362","272"
"","State Highways","556","301","296","260"
"","Other Roads","737","390","400","337"
"","Other Places","36","19","18","18"
"","Sub Total","1963","1039","1076","887"
"Sl. No.","Heads of Crime","During the
current year
upto the end of month under 
review","During the
corresponding
month of
previous year","During the
previous month","During the
current month"
"34","MOTOR VEHICLE ACCIDENTS NON-FATAL
(Sec.279, 337, 338 IPC/281,125(a),125(b) BNS)","","","",""
"","National Highways","1717","765","886","831"
"","State Highways","1281","600","659","622"
"","Other Roads","2443","1125","1214","1229"
"","Other Places","63","26","39","24"
"","Sub Total","5504","2516","2798","2706"
"35","DEATHS-MISCARRIAGE (Sec.312, 313, 314 IPC/88,89,90 BNS)","","","",""
"","Child","1","0","0","1"
"","Woman","1","0","0","1"
"","Women and Child","0","0","0","0"
"","Sub Total","2","0","0","2"
"36","DEFENCE FORCES OFFENCES RELATING (also relating to desertion) (Sec.131 to 140, except 136 IPC/159 TO 168 EXCEPT 164 BNS)","","","",""
"","Air Force","0","0","0","0"
"","Army","0","0","0","0"
"","Navy","0","0","0","0"
"","Sub Total","0","0","0","0"
"37","ESCAPE FROM LAWFUL CUSTODY AND RESISTANCE (Sec.224, 225, 225(B) IPC/262,263,265 BNS)","","","",""
"","From Jail Custody","0","0","0","0"
"","From Police Custody","4","0","2","2"
"","Others","1","1","1","0"
"","Sub Total","5","1","3","2"
"38","IMPERSONATION (Sec.170, 171 IPC/204,205 BNS)","","","",""
"","Attempt to Commit","0","2","0","0"
"","Non-Uniformed Authority","0","0","0","0"
"","Uniformed Authority","0","0","0","0"
"","Sub Total","0","2","0","0"
"39","MISCHIEF (Sec.427 to 440 except 434, 435, 436, 438 IPC/324(4) TO 324(6) BNS)","75","44","42","33"
"40","MOLESTATION (Sec.354 IPC/74 BNS)","","","",""
"","Attempt to Commit","12","2","5","7"
"","Private Place","174","69","86","88"
"","Public Conveyance","3","0","3","0"
"","Public Place","415","185","186","229"
"","Other Places","425","196","205","220"
"","Sub Total","1029","452","485","544"
"41","POISONING-PROFESSIONAL (Sec. 328 IPC/123 BNS)","","","",""
"","Attempt to Commit","2","2","2","0"
"","Fatal","0","0","0","0"
"","Non Fatal","1","0","1","0"
"","Sub Total","3","2","3","0"
"42","PORNOGRAPHY (Sec.292 to 294 IPC/294 TO 296 BNS)","","","",""
"","Advertisement","0","0","0","0"
"","Audio Tape","0","0","0","0"
"","Book","0","0","0","0"
"","Computer Software","0","0","0","0"
"","Figures","0","0","0","0"
"","Film (Blue)","0","0","0","0"
"","Painting","0","0","0","0"
"","Pamphlet","0","0","0","0"
"","Paper","0","0","0","0"
"","Photography","0","0","0","0"
"","Poster","1","0","1","0"
"","Video Film(Blue)","0","0","0","0"
"","Others","2","1","1","1"
"","Sub Total","3","1","2","1"
"43","PUBLIC JUSTICE (Sec.213 to 215 IPC/250 TO 252 BNS)","0","0","0","0"
"44","PUBLIC NUISANCE (Sec.291 and 510 IPC/293,355 BNS)","235","10","99","136"
"45","PUBLIC SAFETY (Sec.269 to 271, 277, 283, 289 IPC/271 to 273, 279,285,291 BNS)","440","313","227","213"
"Sl. No.","Heads of Crime","During the
current year
upto the end of month under 
review","During the
corresponding
month of
previous year","During the
previous month","During the
current month"
"46","OFFENCES AGAINST PUBLIC SERVANTS (Public servant is a victim) (Sec 182-188, 332, 333, 353 IPC/217-223,121(1),121(2), 132 BNS)","","","",""
"","Attempt to Commit","1","5","0","1"
"","Defence Personnel","1","1","0","1"
"","Jail Personnel","2","0","1","1"
"","Judicial Official","4","4","3","1"
"","Minister","0","0","0","0"
"","MLA","0","0","0","0"
"","MP","0","0","0","0"
"","Nationalised Bank Personnel","1","1","1","0"
"","Other Elected Member","0","1","0","0"
"","Other Enforcement Official","0","0","0","0"
"","Other Govt. Official","69","33","36","33"
"","Para Military Personnel","0","1","0","0"
"","Police Personnel","69","43","29","40"
"","Public Sector Undertaking Official","15","15","7","8"
"","Sub Total","162","104","77","85"
"47","OFFENCES BY PUBLIC SERVANTS (EXCEPT CORRUPTION) (Public servant is accused) 
(Sec.128, 129, 167, 218, 221, 222
IPC/156,157,201,256,259,260 BNS)","","","",""
"","Defence Personnel","0","0","0","0"
"","Jail Personnel","0","0","0","0"
"","Judicial Official","0","0","0","0"
"","Minister","0","0","0","0"
"","MLA","0","0","0","0"
"","MP","0","0","0","0"
"","Nationalised Bank Personnel","0","0","0","0"
"","Other Elected Member","0","0","0","0"
"","Other Enforcement Official","0","0","0","0"
"","Other Govt. Official","0","0","0","0"
"","Para Military Personnel","0","0","0","0"
"","Police Personnel","0","0","0","0"
"","Public Sector Undertaking Official","0","0","0","0"
"","Others","0","0","0","0"
"","Sub Total","0","0","0","0"
"48","NEGLIGENT ACT (Sec.280 to 289, 336 to 338
except 283 IPC/282 to 291,125 to 125(b) except 285 BNS)","","","",""
"","Animal -Related","6","4","4","2"
"","Boat/Vessel - Related","3","0","2","1"
"","Explosive/Explosive Substances - Related","6","2","3","3"
"","Inflammable Substance- Related","10","2","3","7"
"","Machinery - Related","32","8","20","12"
"","Poisonous Substance - Related","1","0","1","0"
"","Other - Related","251","123","110","141"
"","Human - Related","64","81","30","34"
"","Wheeling","61","1","22","39"
"","Drink & Drive Without DL","0","0","0","0"
"","Death Causeed By Electric Shock","13","4","8","5"
"","Defective Silencer","1","0","0","1"
"","Footpath Riding","0","0","0","0"
"","Racing & Trials of Speed","1","0","0","1"
"","Rash & Negligence/Dangerous Driving","150","0","61","89"
"","Sub Total","599","225","264","335"
"49","RECEIVING OF STOLEN PROPERTY (Sec.411 to 414 IPC/317(2) TO 317(5) BNS)","0","0","0","0"
"50","SEDITION (Sec. 124A IPC/IN BNS Deleted)","","","",""
"","Attempt to Commit","0","0","0","0"
"","By Foreigner","0","0","0","0"
"","By National","0","0","0","0"
"","By National And Foreigner","0","0","0","0"
"","Sub Total","0","0","0","0"
"51","INSULTING MODESTY OF WOMEN (EVE TEASING) (Sec.509 IPC/79 BNS)","","","",""
"","Attempt to Commit","1","3","1","0"
"","Office","4","1","3","1"
"","Public Conveyance","1","0","1","0"
"","Public Place","32","13","17","15"
"","Other Places","36","18","15","21"
"","Sub Total","74","35","37","37"
"Sl. No.","Heads of Crime","During the
current year
upto the end of month under 
review","During the
corresponding
month of
previous year","During the
previous month","During the
current month"
"52","SUICIDE (Sec.305, 306, 309 IPC/107,108 BNS)","","","",""
"","Dowry","1","1","1","0"
"","Abetment of Suicide","68","28","33","35"
"","Other Reasons","34","30","14","20"
"","Attempt to Commit suicide","14","7","8","6"
"","Sub Total","117","66","56","61"
"53","UNNATURAL SEX (Sec.377 IPC/IN BNS Deleted)","","","",""
"","Abetment","0","0","0","0"
"","Animal","0","0","0","0"
"","Attempt","0","0","0","0"
"","Major - Man","0","0","0","0"
"","Major - Woman","0","0","0","0"
"","Minor - Boy","0","0","0","0"
"","Minor - Girl","0","0","0","0"
"","Sub Total","0","0","0","0"
"54","WRONGFUL RESTRAINT/CONFINEMENT
(Sec.341 to 348 IPC/126(2),127(2)-127(8) BNS)","","","",""
"","Attempt to Commit","3","2","1","2"
"","To Extort Confession","2","0","2","0"
"","To Extort Property","2","3","1","1"
"","To settle Dispute","7","3","4","3"
"","Others","78","35","41","37"
"","Sub Total","92","43","49","43"
"55","INFANTICIDE (Sec.315, 316 IPC/91,92 BNS)","","","",""
"","Male","0","1","0","0"
"","Female","0","0","0","0"
"","Sub Total","0","1","0","0"
"56","OFFENCES RELATED TO MARRIAGE (Sec.493 to 498 IPC/81,84 BNS)","4","3","3","1"
"57","BUYING & SELLING MINOR FOR PROSTITUTION (Sec.372, 373 IPC/98,99 BNS)","0","0","0","0"
"58","DOCUMENTS & PROPERTY MARKS (Sec.483 to 489 IPC/346-350(2) BNS)","","","",""
"","Documents","0","0","0","0"
"","Property","0","0","0","0"
"","Sub Total","0","0","0","0"
"59","DEFAMATION (Sec.500 to 502 IPC/350(2)- 356(4) BNS)","","","",""
"","Persons","2","0","2","0"
"","Printed Matter","0","0","0","0"
"","Others","0","0","0","0"
"","Sub Total","2","0","2","0"
"60","ELECTION(Sec.171(E) to 171(1) IPC/173-177 BNS)","","","",""
"","Assembly","0","0","0","0"
"","Parliament","0","0","0","0"
"","Other Elected Bodies","0","0","0","0"
"","Sub Total","0","0","0","0"
"61","SLAVERY (Sec.370, 371, 374 IPC/143,145,146 BNS)","","","",""
"","Man","1","0","1","0"
"","Woman","0","0","0","0"
"","Boy","2","0","1","1"
"","Girl","0","0","0","0"
"","Sub Total","3","0","2","1"
"62","Attempting to commit offences (Sec.511 IPC/62 BNS)","","","",""
"","Attempting to commit offences","14","20","14","0"
"","Sub Total","14","20","14","0"
"63","ILLEGAL DETENTION (Sec.342 IPC/127(2) BNS)","0","0","0","0"
"64","FALSE EVIDENCE (Sec.191 to 205 IPC/227-242 BNS)","1","0","0","1"
"65","EXPOSURE AND ABANDONMENT OF CHILD (Sec.317 IPC/93 BNS)","","","",""
"","Boy","1","0","1","0"
"","Girl","4","1","2","2"
"","Sub Total","5","1","3","2"
"66","OF ABETMENT (Sec.107 to 120 IPC/45-60 BNS)","0","1","0","0"
"67","FAILURE TO APPEAR TO COURT (Sec.174A, 229A IPC/209,269 BNS)","","","",""
"","IPC 174 A/BNS 209","30","19","10","20"
"","IPC 229 A/BNS 269","108","71","53","55"
"","Sub Total","138","90","63","75"
"Sl. No.","Heads of Crime","During the
current year
upto the end of month under 
review","During the
corresponding
month of
previous year","During the
previous month","During the
current month"
"68","Concealment of birth by secret disposal of Child","","","",""
"","Girl","5","2","1","4"
"","Boy","4","0","1","3"
"","Sub Total","9","2","2","7"
"69","ASSAULT OR USE OF CRIMINAL FORCE TO DISROBE WOMEN","1","0","1","0"
"70","Disobedience to Order Promulgated by Public/Servant","","","",""
"","By Govt. Institution","1","0","0","1"
"","By Others","7","2","6","1"
"","By Private Institution","1","1","1","0"
"","Sub Total","9","3","7","2"
"71","Human Trafficking","","","",""
"","Women","2","0","2","0"
"","Girl","0","0","0","0"
"","Eunuch","2","0","1","1"
"","Men","2","0","2","0"
"","Boy","0","0","0","0"
"","Sub Total","6","0","5","1"
"72","Giving false information respecting an offence committed","","","",""
"","Giving false information respecting an offence committed","1","2","0","1"
"","Sub Total","1","2","0","1"
"73","Harbouring offender","0","0","0","0"
"74","Pettry Organised Crimes","","","",""
"","Cargo Theft","0","0","0","0"
"","Pick Pocketing","0","0","0","0"
"","Shop Lifting","0","0","0","0"
"","Theft Of ATM Machines","0","0","0","0"
"","Theft From Vehicles","0","0","0","0"
"","Unauthorised Betting/Gambling","16","16","10","6"
"","Others","0","0","0","0"
"","Sub Total","16","16","10","6"
"75","Public Servant in Judicial proceeding","","","",""
"","Defence Personnel","0","0","0","0"
"","Others","0","0","0","0"
"","Jail Personnel","0","0","0","0"
"","Para Military Personnel","0","0","0","0"
"","Police Personnel","0","0","0","0"
"","Public Sector Undertaking Official","0","0","0","0"
"","Judicial Official","0","0","0","0"
"","Minister","0","0","0","0"
"","MLA","0","0","0","0"
"","MP","0","0","0","0"
"","Nationalised Bank Personnel","0","0","0","0"
"","Other Elected Member","0","0","0","0"
"","Other Enforcement Official","0","0","0","0"
"","Other Govt Official","0","0","0","0"
"","Sub Total","0","0","0","0"
"76","The Indian Stamp Act, 1899","0","0","0","0"
"","Total Cognizable Crime Under IPC","23185","10701","11736","11449"
"","","","","",""
"","B - SPECIAL & LOCAL LAWS","","","",""
"1","ANTIQUES (CULTURAL PROPERTY)","","","",""
"","Antiques & Art Treasures Act 1972","0","0","0","0"
"","Ancient Monument & Archaelogical Sites And Remains Act 1958","0","0","0","0"
"","Sub Total","0","0","0","0"
"2","ARMS ACT 1959","","","",""
"","Country Made - Non Prohibited Bore - In Disturbed Area","5","1","3","2"
"","Country Made - Non Prohibited Bore - In Other Area","22","18","11","11"
"","Country Made - Prohibited Bore - In Disturbed Area","4","0","4","0"
"","Country Made - Prohibited Bore - In Other Area","28","9","18","10"
"","Factory Made - Non Prohibited Bore - In Disturbed Area","1","0","0","1"
"","Factory Made - Non Prohibited Bore - In Other Area","11","4","6","5"
"","Factory Made - Prohibited Bore - In Disturbed Area","0","3","0","0"
"","Factory Made - Prohibited Bore - In Other Area","8","2","4","4"
"","Sub Total","79","37","46","33"
"Sl. No.","Heads of Crime","During the
current year
upto the end of month under 
review","During the
corresponding
month of
previous year","During the
previous month","During the
current month"
"3","ANIMAL","","","",""
"","The Karnataka Prevention of Slaughter and Preservation of Cattle Ordinance 2020","23","4","9","14"
"","Wild Life Preservation Act 1972","0","0","0","0"
"","Wild Life Protection Act 1972","0","0","0","0"
"","Prevention of Cruelty to Animals Act 1960","57","18","24","33"
"","Elephant (Preservation) Act 1879","0","0","0","0"
"","Cattle Tresspass Act 1871","1","1","0","1"
"","Sub Total","81","23","33","48"
"4","CINEMATOGRAPHY ACT 1952","","","",""
"","Films
Video
Sub Total","0 0 0","0 0 0","0 0 0","0 0 0"
"Sl. No.","Heads of Crime","During the
current year
upto the end of month under 
review","During the
corresponding
month of
previous year","During the
previous month","During the
current month"
"5","CONSUMER","","","",""
"","Liquified Petroleum Gas Supply & Control Order 2000","14","4","9","5"
"","Consumer (Protection) Act 1986","2","0","1","1"
"","Essential Commodities Act 1955","163","30","71","92"
"","Prevention of Food Adulternation Act 1954","1","0","0","1"
"","Packaged Commodities (Regulation) order 1975","0","0","0","0"
"","Sub Total","180","34","81","99"
"6","COPY RIGHT ACT 1957","","","",""
"","By Company","17","16","8","9"
"","By Individual","9","7","2","7"
"","Sub Total","26","23","10","16"
"7","CIVIL RIGHTS","","","",""
"","Protection of Civil Rights Act 1955","1","0","0","1"
"","Sub Total","1","0","0","1"
"8","SCHEDULED CASTE AND THE SCHEDULED TRIBES","","","",""
"","Scheduled Caste","259","105","134","125"
"","Scheduled Tribes","43","26","29","14"
"","Scheduled Caste Women","102","37","53","49"
"","Scheduled Tribes Women","24","17","9","15"
"","Sub Total","428","185","225","203"
"9","CHILDREN ACT","","","",""
"","Child Labour (Prohibition & Regulation) Act1986","15","6","9","6"
"","Child Marriage (Restraint) Act - 1929","28","13","9","19"
"","Juvenile Justice Act 1986","20","13","11","9"
"","Probation of offenders Act 1958","0","0","0","0"
"","Protection of Children from Sexual Offences Act 2012 (POCSO)","0","0","0","0"
"","Sub Total","63","32","29","34"
"10","PREVENTION OF CORRUPTION ACT 1988","","","",""
"","Public Servant - Elected","0","0","0","0"
"","Public Servant - Gazetted - Central","0","0","0","0"
"","Public Servant - Gazetted - Defence","0","0","0","0"
"","Public Servant - Gazetted - Public Sector Undertaking","0","0","0","0"
"","Public Servant - Gazetted - State","0","0","0","0"
"","Public Servant - Non-Gazetted - Central","0","0","0","0"
"","Public Servant - Non-Gazetted - Defence","0","0","0","0"
"","Public Servant - Non-Gazetted - State","0","0","0","0"
"","Sub Total","0","0","0","0"
"11","CUSTOMS","","","",""
"","Customs Act 1962","0","0","0","0"
"","Import/Export (Control) Act 1947","0","0","0","0"
"","Sub Total","0","0","0","0"
"12","Explosives","","","",""
"","Explosives Substances Act 1908","10","4","5","5"
"","Explosives Act 1884","12","3","7","5"
"","Inflammable Substance Act 1952","0","0","0","0"
"","Sub Total","22","7","12","10"
"13","FOREIGN EXCHANGE","","","",""
"","Smugglers and Foreign Exchange Manipulator Act 1976","0","0","0","0"
"","Foreign Exchange Regulation Act 1973","0","0","0","0"
"","Foreign Exchange Regulation Act 1952","0","0","0","0"
"","Sub Total","0","0","0","0"
"14","FOREIGNER","","","",""
"","Foreigners Act 1946","36","3","19","17"
"","Registration of Foreigners Act 1939","0","0","0","0"
"","Sub Total","36","3","19","17"
"15","FOREST","","","",""
"","Indian Forest Act 1927","0","0","0","0"
"","Forest (Conservation) Act 1980","1","0","1","0"
"","Sub Total","1","0","1","0"
"Sl. No.","Heads of Crime","During the
current year
upto the end of month under 
review","During the
corresponding
month of
previous year","During the
previous month","During the
current month"
"16","HIJACKING","","","",""
"","Foreign Aircraft - In India","0","0","0","0"
"","Foreign Aircraft - Outside India","0","0","0","0"
"","Indian Aircraft - In India","0","0","0","0"
"","Indian Aircraft - Outside India","0","0","0","0"
"","Sub Total","0","0","0","0"
"17","IMMORAL TRAFFIC","","","",""
"","Organised","20","17","12","8"
"","Un-Organised","10","5","5","5"
"","Sub Total","30","22","17","13"
"18","BONDED LABOUR SYSTEM","4","0","2","2"
"19","INDIAN MOTOR VEHICLE","14","4","6","6"
"20","NARCOTIC DRUGS & PSYCHOTROPIC SUBSTANCES ACT","","","",""
"","Cultivated/Processed","1335","164","820","515"
"","Synthetic","1043","252","578","465"
"","Sub Total","2378","416","1398","980"
"21","PASSPORT ACT","","","",""
"","Foreigner","2","0","0","2"
"","Indian","3","2","2","1"
"","Sub Total","5","2","2","3"
"22","REPRESENTATIVE OF PEOPLE ACT 1951 & 1988","","","",""
"","Assembly","0","0","0","0"
"","Parliament","0","0","0","0"
"","Other Elected Bodies","0","0","0","0"
"","Sub Total","0","0","0","0"
"23","KARNATAKA POLICE ACT 1963","","","",""
"","Gambling - Matka (78 Class C)","1042","413","535","507"
"","Street Gambling (87)","1058","470","534","524"
"","House Gambling (79 & 80)","37","21","17","20"
"","Betting","44","22","17","27"
"","Others","88","53","46","42"
"","Sub Total","2269","979","1149","1120"
"24","PREVENTION OF DAMAGE TO PUBLIC PROPERTY ACT 1984","25","9","9","16"
"25","POST & TELEGRAPH, TELEGRAPH WIRES (UNLAWFUL POSSESSION) ACT 1980","2","0","1","1"
"26","OFFICIAL SECURITY RELATED ACTS","","","",""
"","Official Secrets Act 1923","1","0","0","1"
"","Essential Services Maintenance Act 1981","0","0","0","0"
"","Sub Total","1","0","0","1"
"27","PREVENTION OF TERRORISM ACT (POTA)","0","0","0","0"
"28","RAILWAYS ACT","","","",""
"","Indian Railways Act 1989","0","0","2","0"
"","Railway Property (Unlawful Possession) Act 1966","0","0","0","0"
"","Sub Total","0","0","2","0"
"29","UNLAWFUL ACTIVITIES (Prevention) Act 1967","0","0","0","0"
"30","CRIMES RELATED TO WOMEN","","","",""
"","Dowry Prohibition","294","125","157","137"
"","Commission of SATI (Prevention) Act 1987","0","0","0","0"
"","Indecent Representation of Women (Prohibition) Act 1986","0","0","0","0"
"","Sub Total","294","125","157","137"
"31","INDIAN LUNACY ACT","0","0","0","0"
"32","INDIAN ELECTRICITY ACT","2","2","1","1"
"33","COTPA, CIGARETTES AND OTHER TOBACCO PRODUCTS","356","159","153","203"
"34","KARNATAKA STATE LOCAL ACTS","","","",""
"","Prevention of Insult to National Hounours Act 1971","0","0","0","0"
"","Prevention of violence against Doctors, Medical professionals and Medical institutions","1","3","1","0"
"","The Karnataka Prevention of Dangerous Activities of Bootleggers, Drug-offenders, Gamblers, Goonda Act","0","0","0","0"
"","Karnataka Cow Slaughters Act","23","19","11","12"
"","Banning of Unregulated Deposit Schemes Act","4","8","3","1"
"","Motor Spirit and High Speed Diesel (Regulation of upply, Distribution and Prevention of Malpractice","0","0","0","0"
"","Karnataka Epidemic Deseases Act 2020","0","0","0","0"
"","Karnataka Prevention of Slaughter and Preservation of Cattle Act 2020","36","13","18","18"
"","Disaster Management Act 2005","0","0","0","0"
"","Karnataka Excise Act 1965","1805","635","872","933"
"","Karnataka Forest Act 1963","9","0","6","3"
"Sl. No.","Heads of Crime","During the
current year
upto the end of month under 
review","During the
corresponding
month of
previous year","During the
previous month","During the
current month"
"","Karnataka Education Act 1983 As Amended Upto Date","6","1","6","0"
"","Karnataka Kerosene Restriction Unuse Act 1956","0","0","0","0"
"","Karnataka University Act","0","0","0","0"
"","Karnataka Corruption Act","0","0","0","0"
"","Karnataka Medical Registration Act 1965","1","0","1","0"
"","Karnataka Land & Revenue Act 1964 & 2007","7","4","5","2"
"","Karnataka Kerosene Dealers License Order 1969","0","0","0","0"
"","Karnataka Society Registration Act","0","0","0","0"
"","Karnataka Minor Mineral Consistent Rule 1994","1","3","0","1"
"","Bangalore Development Authority Act
Karnataka Prohibition of Beggery Act 1975","0 0","0
13","0 0","0 0"
"","Karnataka Municipalities Act 1964","0","0","0","0"
"","Karnataka Irrigation Act 1963","0","1","0","0"
"","Karnataka Fire Force act 1964","1","1","1","0"
"","Karnataka Consumer Protection Act 1986","0","0","0","0"
"","Karnataka Lottery Act
Karnataka Weight & Measurement Act","31
0","8 0","14
0","17
0"
"","Karnataka Agriculture Marketing Regulation Act","0","0","0","0"
"","Karnataka Revenue Act","0","0","0","0"
"","Karnataka Mining Act
Karnataka Betting Tax Act","0 0","0 0","0 0","0 0"
"","Karnataka Panchayat Raj Act","0","1","0","0"
"","Karnataka Open Place Disfigurement Act 1951","34","10","19","15"
"","Karnataka Right To Information Act 2000 & 2008","0","1","0","0"
"","Karnataka Urban Development Act 1987","0","0","0","0"
"","Karnataka Town & City Planning Act 1961","0","0","0","0"
"","Karnataka Race Betting Act","0","0","0","0"
"","Karnataka Devadasi's (Prohibition Of Dedication) Act 1982","0","0","",""
"0","0"
"","Cooperative Society Act","0","1","0","0"
"","Karnataka Entertainment Tax Act 1958","1","0","1","0"
"","Karnataka Land Acquisition (Prohibition) Act 2007","0","0","0","0"
"","Karnataka Money Lender Act 1961","0","1","0","0"
"","Karnataka Stamp Act 1957","0","0","0","0"
"","Karnataka Prisoners Act 1963 & 1974","36","5","18","18"
"","Karnataka Private Medical Institution Act 2007","0","0","0","0"
"","MMRD (Mines & Minerals Regulation Development ) Act 1957","11","4","11","0"
"","Karnataka Treasure Trove Act 1962","1","1","1","0"
"","Karnataka Prohibition of Charging Exorbitant Interest Act 2004","1","9","1","0"
"","Karnataka Ayurvedic And Unani Pract. Regis. & Medical Prac. Misc. Prov. Act","0","0","0","0"
"","Other Local Acts","24","17","13","11"
"","The Karnataka Micro Loan And Small Loan
(Prevention of Coercive Actions) Ordinance 2025 Sub Total","1
2034","0
759","1
1003","0
1031"
"Sl. No.","Heads of Crime","During the
current year
upto the end of month under 
review","During the
corresponding
month of
previous year","During the
previous month","During the
current month"
"35","CYBER CRIME (INFORMATION TECHNOLOGY ACT)","","","",""
"","Information Technology Act 2000, 2009","16","12","8","8"
"","CSAM (Child Pornography). Cyber Tip Line","12","6","7","5"
"","Online Money Transfer","272","95","122","150"
"","Credit Card Fraud","104","48","49","55"
"","Loan App","42","21","20","22"
"","Ransomeware Attack, Installing Spyware &
Troman, Using Other Malware & Viruses to infect degital serv","5","0","5","0"
"","Gifts, iPhone & Lottery Fraud","25","15","16","9"
"","Deep Fake/Deep Nudes","17","2","10","7"
"","Investment Fraud (Part Time Job, Task, Review)","223","243","147","76"
"","Card Skimming","0","2","0","0"
"","Job Fraud","69","67","41","28"
"","Business Fraud","24","8","14","10"
"","Hacking of Accounts & Ids","41","11","21","20"
"","Phishing (Taking Password & Information)","4","0","3","1"
"","Email Spoofing / Fraud","11","7","5","6"
"","SIM card Swapping / SIM Jacking / SIM Cloning","3","0","2","1"
"","Social Media Cases
(Instagram/Facebook/Whatsapp/X /Telegram etc)","108","43","55","53"
"","Crypto Currency, Bitcoin, etc.","16","13","12","4"
"","Remote Access Fraud (Any Desk/ Team Viewer)","2","2","2","0"
"","OLX Fraud","25","14","14","11"
"","Data Theft","11","6","8","3"
"","Fedex","0","4","0","0"
"","OTP Frauds (KYC Update, Apk Link)","238","48","139","99"
"","Matrimony Fraud","25","9","14","11"
"","Sextortion and Revenge Porn","13","4","9","4"
"","Advertising Frauds","21","2","12","9"
"","Investment Fraud (Trading & Share Trading)","559","288","350","209"
"","Fake Customer Care","85","24","49","36"
"","ATM Fraud","2","3","1","1"
"","Digital Arrest","30","23","18","12"
"","AEPS (Aadhaar)","0","0","0","0"
"","Others","284","161","106","178"
"","Sub Total","2287","1181","1259","1028"
"36","NATIONAL SECURITY ACT","0","0","0","0"
"37","POCSO","","","",""
"","Gang Rape","0","0","0","0"
"","Custodial Rape","0","0","0","0"
"","Rape with Murder","2","2","2","0"
"","Rape","506","262","257","249"
"","Others","194","84","102","92"
"","Sub Total","702","348","361","341"
"38","Aadhar Act","","","",""
"","Impersonation","1","0","0","1"
"","Offence by Individual","0","0","0","0"
"","Offence by Company","0","0","0","0"
"","Sub Total","1","0","0","1"
"","Total (Item 1 to 36)","5857","4629","5711","5857"
"Sl. No.","Heads of Crime","During the
current year
upto the end of month under 
review","During the
corresponding
month of
previous year","During the
previous month","During the
current month"
"C. CRIMES AGAINST WOMEN"
"1","Rape (Sec. 376 IPC)","","","",""
"","1.1 Custodial Rape","0","0","0","0"
"","1.2 Gang Rape","4","1","3","1"
"","1.3 other Cases of Rape","82","59","42","40"
"","Sub Total","86","60","45","41"
"2","Outraging modesty (Molestation) (sec.354 IPC)","1029","452","485","544"
"3","Kidnapping & Abduction of Women: (Sec.366 IPC)","11","6","7","4"
"4","Insulting modesty (Eve-Teasing) (Sec.294 & 509 IPC if victim is a woman)","74","35","37","37"
"5","Murder for Dowry - by burning (Sec.302 IPC)","0","0","0","0"
"6","Murder for Dowry - by other means (Sec.302 IPC)","2","0","1","1"
"7","Murder for other reasons","62","33","36","26"
"8","Attempt to Commit Murder for dowry by burning (Sec.307 IPC)","0","0","0","0"
"9","Attempt to Commit Murder for dowry by other means (Sec.307 IPC)","6","5","1","5"
"10","Attempt to Commit murder for other reasons","146","65","72","74"
"11","Dowry Death-by burning (Sec.304-B IPC)","0","0","0","0"
"12","Dowry Death-by other Means (Sec.304(B) IPC)","17","9","12","5"
"13","Cruelty by Husband or Relatives of Husband (Sec.498-A IPC)","451","199","242","209"
"14","Abetment of Suicide (Sec.306 IPC)","","","",""
"15","Immoral Traffic (prevention) Act.","30","22","17","13"
"16","Indecent Representation of Women(Prohibition) Act-1986","0","0","0","0"
"17","Pornography","0","0","0","0"
"18","Offences against Public Servants (Sec.182-188-333- 353 IPC)","23","15","10","13"
"19","Offences related to Marriage","3","1","2","1"
"20","Cyber Crimes","508","361","290","218"
"","Total (Item 1 to 20)","2448","1263","1257","1191"
"Sl. No.","Heads of Crime","During the
current year
upto the end of month under 
review","During the
corresponding
month of
previous year","During the
previous month","During the
current month"
"D.CRIME AGAINST CHILDREN"
"1","Infanticide/ Foeticide (Sec. 315 & 316 IPC)","0","1","0","0"
"2","Rape on Minor","0","0","0","0"
"3","Exposure & abandonment (Sec. 317 IPC)","5","1","3","2"
"4","Kidnapping & Abduction of Children","743","280","379","364"
"4.1","For Ransom - of Children","1","0","1","0"
"4.2","of Children - for begging","0","0","0","0"
"4.3","of Girls - Immoral Purpose","1","0","0","1"
"4.4","With intent to Steal from Child","0","0","0","0"
"4.5","Lawful Guardianship","1","0","0","1"
"4.6","Procuration of Minor Girls - For Prostitution","0","0","0","0"
"4.7","Procuration of Minor Girls - Importing of Girl","0","0","0","0"
"4.8","Procuration of Minor Girls - For Other Purposes","0","2","0","0"
"","Sub Total","746","282","380","366"
"5","Selling of girls for Prostitution (Sec.372 IPC)","0","0","0","0"
"6","The Prohibition of Child Marriage Act - 2006","28","13","9","19"
"7","POCSO Act","702","348","361","341"
"8","Death of Children due to miscarriage","2","0","0","2"
"9","Juvenile Justice Act","20","13","11","9"
"10","Child Labour (Pro.& Reg.) Act","15","6","9","6"
"11","Probation of Offenders Act","0","0","0","0"
"","Total (Item 1 to 11)","1518","664","773","745"
"Sl. No.","Heads of Crime","During the
current year
upto the end of month under 
review","During the
corresponding
month of
previous year","During the
previous month","During the
current month"
"E. CRIME AGAINST SCHEDULED CASTES /TRIBES BY NON SCs/STs"
"1","Murder","14","8","8","6"
"2","Rape","19","7","9","10"
"3","Kidnapping","37","15","20","17"
"4","Offences under the Protection of Civil Rights Act.","1","0","0","1"
"5","Offences under the SC & ST (prevention of Atrocities)Act 1989 (if the victim is SC)","357","155","188","169"
"","Total (Item 1 to 5)","428","185","225","203"
"Sl.No.","Location of Accidents","No. of Cases","No. of Persons"
"Fatal","Non-Fatal","Total","Killed","Injured","Total"
"1","National Highways","272","831","1103","270","1495","1765"
"2","State Highways","260","622","882","274","1236","1510"
"3","Other Roads","355","1253","1608","360","1777","2137"
"","TOTAL","887","2706","3593","904","4508","5412"
"MAJOR HEADS FOR THE MONTH OF FEBRUARY-2026"
"Sl.No","Dist Name","MURDER","ATTEMPT
TO
MURDER","RAPE","DACOITY","ROBBERY","BURGLARY -
DAY","BURGLARY -
NIGHT","THEFT","SNAT-CHING","RIOTS","CASES OF
HURT","CRUELTY
BY
HUSBAND","DOWRY DEATHS","FATAL","NON-
FATAL","MOLE
STA-
TION","SC/ST","GAMBLING","DP ACT","CYBER CRIME
(INFORMATION TECHNOLOGY 
ACT)","POCSO
RAPE","POCSO OTHERS"
"","Commissionerates","","","","","","","","","","","","","","","","","","","","","",""
"1","Bengaluru City","15","49","14","1","19","13","57","613","35","2","302","38","0","83","432","114","17","23","73","694","39","14"
"2","Mysuru City","0","1","1","0","0","0","7","22","0","0","33","0","1","9","64","7","1","2","11","11","2","0"
"3","Hubballi Dharwad City","1","15","1","0","2","2","1","5","0","3","14","6","0","2","33","6","2","21","0","17","2","3"
"4","Mangaluru City","2","3","1","1","1","1","0","18","0","0","15","4","0","17","74","6","2","15","0","11","1","2"
"5","Belagavi City","1","7","0","0","0","1","8","18","2","3","9","4","0","15","22","1","1","21","0","10","2","1"
"6","Kalaburagi City","2","1","0","0","1","0","4","15","0","4","14","3","0","10","43","5","2","27","1","5","0","1"
"","Central Range","","","","","","","","","","","","","","","","","","","","","",""
"7","Bengaluru Dist","4","3","0","0","3","2","14","66","0","3","50","10","0","49","96","6","5","4","0","18","4","5"
"8","Bengaluru South","3","3","0","0","1","4","15","27","0","2","28","4","1","35","82","22","3","10","1","23","3","1"
"9","Tumakuru","3","14","1","0","4","5","16","60","0","3","80","6","0","61","129","41","14","40","5","9","6","3"
"10","Kolar","2","4","1","1","0","0","1","18","0","11","21","3","2","24","53","5","4","11","1","2","6","2"
"11","Chickballapura","1","0","0","0","1","1","5","9","0","9","33","2","0","27","47","7","7","31","1","20","12","5"
"12","K.G.F","0","0","0","0","0","4","3","6","1","0","10","0","0","5","16","1","0","8","0","8","1","0"
"","Eastern Range","","","","","","","","","","","","","","","","","","","","","",""
"13","Chitradurga","1","9","1","0","0","0","1","26","0","16","51","4","0","22","85","27","4","50","3","8","4","3"
"14","Davanagere","2","8","1","0","0","1","9","38","0","18","29","7","0","26","60","13","6","36","1","6","9","0"
"15","Shivamogga","4","18","1","2","1","6","9","42","0","18","90","6","0","21","89","22","14","24","11","13","10","2"
"16","Haveri","0","9","1","1","1","0","6","31","0","10","21","1","0","19","53","6","5","26","4","9","10","2"
"","Western Range","","","","","","","","","","","","","","","","","","","","","",""
"17","Dakshina Kannada","1","3","1","0","2","0","6","21","0","1","12","2","0","9","61","3","1","5","1","16","2","0"
"18","Udupi","0","5","0","0","0","0","1","18","0","3","12","3","0","19","56","4","4","10","0","15","3","1"
"19","Chikkamagaluru","1","7","1","0","4","3","7","14","0","3","46","2","0","20","47","13","9","14","0","13","6","2"
"20","Uttara Kannada","4","8","1","2","0","3","5","9","0","4","27","4","0","12","59","13","5","39","0","6","6","0"
"","Northern Range","","","","","","","","","","","","","","","","","","","","","",""
"21","Belagavi Dist","2","16","4","2","2","2","25","68","0","37","80","17","0","64","113","34","12","60","3","14","15","9"
"22","Bagalkot","4","15","0","0","1","3","4","14","0","9","7","4","0","33","58","7","1","44","1","6","6","1"
"23","Vijayapur","4","9","0","0","1","7","11","29","1","14","38","10","0","33","46","15","6","27","0","26","3","1"
"24","Dharwad","1","5","0","0","0","2","3","10","0","7","10","0","0","26","29","4","7","14","0","7","1","1"
"25","Gadag","2","0","0","0","0","1","5","10","0","6","5","3","0","20","16","3","5","25","3","5","0","0"
"","North Eastern Range","","","","","","","","","","","","","","","","","","","","","",""
"26","Kalaburagi","1","6","1","1","2","0","7","31","0","10","30","3","0","18","57","10","4","19","3","4","2","3"
"27","Bidar","1","4","0","0","2","1","12","20","0","3","45","14","0","16","57","7","2","68","1","2","2","3"
"28","Yadgir","3","5","0","0","1","2","3","29","0","9","12","3","0","11","16","5","1","33","1","3","41","6"
"","Southern Range","","","","","","","","","","","","","","","","","","","","","",""
"29","Mysuru Dist","1","7","1","1","0","1","7","37","0","17","56","4","0","36","167","17","15","35","0","9","12","2"
"30","Mandya","2","12","0","0","0","6","9","28","0","2","67","3","0","30","201","35","7","32","3","11","4","5"
"31","Chamarajanagar","1","5","1","0","0","1","2","7","0","6","21","0","1","18","56","18","1","12","0","1","1","3"
"32","Hassan","2","14","1","0","0","10","7","19","0","0","68","3","0","25","125","22","8","27","3","7","9","1"
"33","Kodagu","0","5","1","0","0","0","2","13","0","1","26","4","0","6","29","5","3","2","0","6","8","5"
"","Ballari Range","","","","","","","","","","","","","","","","","","","","","",""
"34","Ballari","0","9","0","0","2","4","6","62","0","6","21","10","0","17","32","9","4","31","0","6","3","1"
"35","Koppal","1","5","1","1","0","2","2","16","3","4","11","6","0","14","31","12","6","70","0","3","3","2"
"36","Raichur","0","7","3","1","1","1","9","83","0","15","14","11","0","21","31","11","14","126","6","2","8","1"
"37","Vijayanagara","1","6","2","0","0","0","2","13","0","9","10","5","0","14","41","8","1","36","0","1","3","1"
"38","Karnataka Railways","0","0","0","0","1","0","0","30","0","0","0","0","0","0","0","0","0","0","0","1","0","0"
"","Total","73","297","41","14","53","89","291","1595","42","268","1418","209","5","887","2706","544","203","1078","137","1028","249","92"
"MAJOR HEADS FOR THE YEAR 2026 (UPTO FEBRUARY)"
"Sl.NO","District Name","MURDER","ATTEMPT
TO
MURDER","RAPE","DACOITY","ROBBERY","BURGLARY -
DAY","BURGLARY -
NIGHT","THEFT","SNAT-CHING","RIOTS","CASES OF
HURT","CRUELTY
BY
HUSBAND","DOWRY DEATHS","FATAL","NON-
FATAL","MOLE
STA-
TION","SC/ST","GAMBLING","DP ACT","CYBER CRIME
(INFORMATION TECHNOLOGY 
ACT)","POCSO
RAPE","POCSO OTHERS"
"","Commissionerates","","","","","","","","","","","","","","","","","","","","","",""
"1","Bengaluru City","30","101","23","2","52","32","121","1287","70","10","615","89","5","190","844","214","37","50","158","1561","73","31"
"2","Mysuru City","1","4","1","0","2","0","11","50","0","0","55","3","1","20","130","12","2","3","20","32","3","0"
"3","Hubballi Dharwad City","4","31","2","0","3","3","8","22","3","3","28","13","0","17","58","7","6","43","0","33","6","5"
"4","Mangaluru City","2","5","2","1","1","1","5","38","0","0","33","6","0","34","159","11","3","21","0","18","2","6"
"5","Belagavi City","1","16","0","0","0","1","22","38","3","7","20","14","0","33","51","3","1","43","0","22","4","2"
"6","Kalaburagi City","3","2","0","1","2","1","16","28","0","5","28","4","0","25","85","9","3","70","3","13","1","1"
"","Central Range","","","","","","","","","","","","","","","","","","","","","",""
"7","Bengaluru Dist","9","8","2","0","7","4","28","118","0","9","89","19","2","101","210","14","16","14","3","44","7","12"
"8","Bengaluru South","5","9","1","0","2","5","24","59","0","8","60","4","1","70","173","36","7","17","4","41","8","4"
"9","Tumakuru","6","21","2","0","4","5","29","104","0","8","139","11","1","114","300","80","28","86","9","33","15","7"
"10","Kolar","6","8","2","1","2","1","8","36","0","23","46","6","2","52","92","13","6","17","1","9","11","2"
"11","Chickballapura","3","3","0","0","1","4","15","26","0","22","65","4","0","53","102","16","13","70","1","43","33","6"
"12","K.G.F","0","0","0","1","0","6","6","16","1","1","27","0","0","11","29","2","0","11","1","13","3","0"
"","Eastern Range","","","","","","","","","","","","","","","","","","","","","",""
"13","Chitradurga","6","12","3","0","1","1","5","61","0","45","104","11","0","66","179","60","9","87","4","17","13","9"
"14","Davanagere","4","19","3","0","1","1","19","76","0","43","58","13","1","55","125","32","14","97","3","12","13","1"
"15","Shivamogga","6","35","3","2","4","7","16","92","0","36","181","14","0","54","181","42","35","61","21","32","25","8"
"16","Haveri","2","15","2","2","1","0","13","75","0","30","34","3","1","47","93","14","10","48","7","20","19","5"
"","Western Range","","","","","","","","","","","","","","","","","","","","","",""
"17","Dakshina Kannada","3","6","1","0","2","1","10","38","0","7","31","4","0","18","130","6","5","10","1","23","5","2"
"18","Udupi","1","8","2","0","0","1","4","35","0","3","21","5","0","44","141","10","8","17","0","33","7","4"
"19","Chikkamagaluru","5","13","3","0","5","6","12","32","0","7","100","9","0","36","115","24","13","26","0","21","13","7"
"20","Uttara Kannada","8","12","1","2","1","7","13","29","0","10","67","7","0","32","113","29","9","104","0","16","10","2"
"","Northern Range","","","","","","","","","","","","","","","","","","","","","",""
"21","Belagavi Dist","8","33","7","2","4","6","44","145","0","82","174","46","0","135","250","70","26","118","9","28","34","14"
"22","Bagalkot","7","24","1","1","2","9","17","34","0","13","19","6","0","74","104","15","5","71","2","8","13","3"
"23","Vijayapur","9","11","1","0","3","11","17","56","1","27","70","20","0","77","95","19","12","58","1","59","9","3"
"24","Dharwad","3","6","1","0","0","4","5","18","0","9","18","1","0","46","51","5","12","25","0","12","3","1"
"25","Gadag","2","1","1","0","0","2","7","18","0","18","12","6","0","34","35","10","8","66","4","14","5","1"
"","North Eastern Range","","","","","","","","","","","","","","","","","","","","","",""
"26","Kalaburagi","3","17","2","1","3","4","22","62","0","22","68","4","0","41","111","18","10","56","5","5","11","5"
"27","Bidar","2","12","0","0","2","2","17","41","0","13","83","22","0","42","109","10","5","95","5","4","4","4"
"28","Yadgir","3","9","0","0","1","3","10","54","0","21","25","8","0","21","37","13","5","75","2","4","47","8"
"","Southern Range","","","","","","","","","","","","","","","","","","","","","",""
"29","Mysuru Dist","6","11","2","1","4","4","27","68","0","23","127","10","0","80","342","33","20","64","0","16","23","4"
"30","Mandya","5","18","3","0","0","9","26","55","0","6","125","7","0","78","391","46","17","69","5","21","9","10"
"31","Chamarajanagar","2","13","2","1","0","3","5","20","0","8","47","1","1","33","107","27","6","23","3","2","3","4"
"32","Hassan","7","21","3","0","0","16","22","49","0","1","136","9","2","66","251","44","14","47","7","15","22","3"
"33","Kodagu","2","9","1","0","1","1","3","23","0","1","55","6","0","13","56","6","6","6","0","22","14","5"
"","Ballari Range","","","","","","","","","","","","","","","","","","","","","",""
"34","Ballari","1","16","0","0","3","7","10","99","0","14","36","22","0","29","52","14","10","88","3","19","7","3"
"35","Koppal","1","8","3","1","0","4","9","31","3","5","21","9","0","42","68","23","12","116","0","6","9","4"
"36","Raichur","4","15","4","1","1","2","15","190","0","27","24","19","0","46","61","29","29","214","11","6","13","3"
"37","Vijayanagara","3","20","2","0","1","1","5","26","0","19","22","16","0","34","74","13","5","95","1","9","10","5"
"","Karnataka Railways","0","0","0","0","1","0","0","52","0","0","0","0","0","0","0","0","1","0","0","1","1","0"
"","Total","173","572","86","20","117","175","646","3301","81","586","2863","451","17","1963","5504","1029","428","2181","294","2287","508","194"
"KARNATAKA SAKALA SERVICES ACT, 2011 AND (AMENDMENT) ACT, 2014"
"Unitwise - Month wise Report on Receipts & Disposals - February - 2026"
"Police Department has implemented 24 SAKALA Services through PoliceIT Application. The district wise details of received, disposed and overdue status of services for February 2026 as on 28.02.2026 are as under."
"Sl No","District","No. of SAKALA Receipts
during the Month","No. of SAKALA Disposals
during the Month","No. of Pendency After due date as on 25.02.2026"
"1","BELAGAVI CITY","4377","2702","34"
"2","BENGALURU CITY","42104","34044","220"
"3","HUBLI-DHARWAD CITY","1029","936","67"
"4","KALABURAGI CITY","1672","1148","33"
"5","MANGALURU CITY","1713","1540","226"
"6","MYSURU CITY","3534","3200","12"
"7","BAGALKOT DISTRICT","1400","1295","77"
"8","BALLARI DISTRICT","1802","1868","15"
"9","BELAGAVI DISTRICT","1786","1721","181"
"10","BENGALURU RURAL DISTRICT","2618","2731","56"
"11","BIDAR DISTRICT","1309","1320","72"
"12","CHAMARAJANAGAR DISTRICT","1424","1295","10"
"13","CHIKKABALLAPURA DISTRICT","1821","1577","23"
"14","CHIKKAMAGALURU DISTRICT","2146","1944","3"
"15","CHITRADURGA DISTRICT","1845","1629","37"
"16","DAKSHINA KANNADA DISTRICT","1282","1213","81"
"17","DAVANAGERE DISTRICT","1902","1752","5"
"18","DHARWAD DISTRICT","1133","1082","62"
"19","GADAG DISTRICT","704","683","2"
"20","HASSAN DISTRICT","3175","2916","7"
"21","HAVERI DISTRICT","1146","997","47"
"22","KALABURAGI DISTRICT","371","371","0"
"23","KODAGU DISTRICT","1257","1130","5"
"24","KOLAR DISTRICT","874","794","3"
"25","KGF","856","657","0"
"26","KOPPAL DISTRICT","898","827","0"
"27","MANDYA DISTRICT","3092","2604","3"
"28","MYSURU DISTRICT","2253","1964","2"
"29","RAICHUR DISTRICT","1375","1084","47"
"30","BENGALURU SOUTH DISTRICT","2340","2078","7"
"31","SHIVAMOGGA DISTRICT","2896","2380","159"
"32","TUMAKURU DISTRICT","3188","2949","27"
"33","UDUPI DISTRICT","2071","1859","67"
"34","UTTARA KANNADA DISTRICT","2997","2285","6"
"35","VIJAYANAGARA DISTRICT","1163","1149","7"
"36","VIJAYAPURA DISTRICT","2371","2244","40"
"37","YADGIR DISTRICT","1106","607","29"
"","Total","109030","92575","1672"
"KARNATAKA SAKALA SERVICES ACT, 2011 AND (AMENDMENT) ACT, 2014"
"Unitwise - Month wise Report on Receipts & Disposals - February - 2026"
"Police Department has implemented 24 SAKALA Services through PoliceIT Application. The Service wise details of received, disposed and overdue status of services for February 2026 as on 
28.02.2026 are as under"
"Sl. No","Service Name","Stipulated
Time","No. of Receipts
During the
Month","No. of Disposal
During the Month as
on 28.02.2026"
"1","Certification of Finger Print","20","0","1"
"2","Disposal of Petitions","45","35256","25986"
"3","Issue of copy of FIR to the complaintant","1","20245","20245"
"4","License for Amplified Sound System","3","1539","1615"
"5","Missing Report of documents, Mobile phone etc","1","2611","2611"
"6","No objection to return to India permission in respect of Tibetans","20","0","0"
"7","No obligation to return to India (NORI) Certificate","20","0","0"
"8","NOC Arms License Verification","30","0","0"
"9","NOC for Crackers License","7","0","0"
"10","NOC for License for Amusement","15","0","0"
"11","NoC for Passport Verification","20","982","982"
"12","NOC for petrol pump,gas agency,hotel,bar etc.","7","0","1"
"13","NOC required for setting up of Petroleum, Diesel and Naphtha, Sale, Transport","21","0","0"
"14","NOC, Issue of Extension of Residencial Permit of Foreigners","7","0","0"
"15","Permission for Peaceful Assembly and procession","15","2","0"
"16","Police Verification Certificate (PVC) for Central , State Govt. employees if request is received directly by the employee","20","286","241"
"17","Police verification Certificate (PVC) for
Coolies,Loader,Class IV Security Staff,
Supervisor at Airport (Individual applicants only)","20","9108","7730"
"18","Police Verification Certificate for domestic servants/house keeping","20","0","0"
"19","Police Verification Certificate for Institutions/ Companies","20","62","61"
"20","Police verification Certificate for Marriage Alliances","20","13","20"
"21","Police verification Certificate for Training
Apprenticeship at Public Undertakings /for
trainees/ Workers working on daily wages at Govt. Institutions","20","6639","5309"
"22","Service Verification","20","31830","27406"
"23","Temporary Licence for Sale of Crackers","7","0","0"
"24","Tenant Verification","21","457","367"
"","Total","","109030","92575"
"SL.No","Unit_Name","FIR
Registered","FIR eSign","Percentage"
"1","Chitradurga District","521","489","93.86"
"2","Vijayapur District","400","375","93.75"
"3","Koppal District","305","282","92.46"
"4","Bagalkot District","323","272","84.21"
"5","K.G.F District","109","88","80.73"
"6","Dharwad District","188","146","77.66"
"7","Kalaburagi City","210","158","75.24"
"8","Yadgir District","258","189","73.26"
"9","Ballari District","352","249","70.74"
"10","Chikkamagaluru District","398","272","68.34"
"11","Mandya District","717","429","59.83"
"12","Bengaluru South District","390","218","55.90"
"13","Belagavi City","239","132","55.23"
"14","Uttara Kannada District","339","183","53.98"
"15","SP Railways","58","31","53.45"
"16","Mysuru City","286","145","50.70"
"17","Tumakuru District","696","302","43.39"
"18","Vijayanagara District","223","77","34.53"
"19","Hubballi Dharwad City","246","84","34.15"
"20","Raichur District","497","161","32.39"
"21","Dakshina Kannada District","221","65","29.41"
"22","Udupi District","224","57","25.45"
"23","Belagavi District","1029","256","24.88"
"24","Bengaluru City","4983","877","17.60"
"25","Kolar District","275","45","16.36"
"26","Hassan District","558","64","11.47"
"27","Chamarajanagar District","245","26","10.61"
"28","Gadag District","196","16","8.16"
"29","Bengaluru District","561","39","6.95"
"30","Haveri District","305","20","6.56"
"31","Bidar District","411","25","6.08"
"32","Chickballapura District","318","16","5.03"
"33","Kalaburagi District","269","11","4.09"
"34","Mysuru District","612","18","2.94"
"35","Mangalore COP","317","4","1.26"
"36","Shivamogga District","634","8","1.26"
"37","Davanagere District","442","0","0.00"
"38","KODAGU(Madikeri) District","231","0","0.00"
"Total","18586","5829","31.36"
"SL.No","Unit_Name","Chargesheet Registered","Chargesheet
eSign","Percentage"
"1","Bagalkot District","20","0","0.00"
"2","Ballari District","55","14","25.45"
"3","Belagavi City","40","10","25.00"
"4","Belagavi District","231","30","12.99"
"5","Bengaluru City","1673","264","15.78"
"6","Bengaluru District","143","4","2.80"
"7","Bengaluru South District","93","27","29.03"
"8","Bidar District","61","1","1.64"
"9","Chamarajanagar District","67","0","0.00"
"10","Chickballapura District","103","0","0.00"
"11","Chikkamagaluru District","174","86","49.43"
"12","Chitradurga District","80","25","31.25"
"13","Dakshina Kannada District","48","33","68.75"
"14","Davanagere District","100","0","0.00"
"15","Dharwad District","31","14","45.16"
"16","Gadag District","60","7","11.67"
"17","Hassan District","174","11","6.32"
"18","Haveri District","21","1","4.76"
"19","Hubballi Dharwad City","49","11","22.45"
"20","K.G.F District","32","22","68.75"
"21","Kalaburagi City","92","51","55.43"
"22","Kalaburagi District","26","4","15.38"
"23","KODAGU(Madikeri) District","92","0","0.00"
"24","Kolar District","71","4","5.63"
"25","Koppal District","52","44","84.62"
"26","Mandya District","289","89","30.80"
"27","Mangalore COP","71","46","64.79"
"28","Mysuru City","147","52","35.37"
"29","Mysuru District","233","0","0.00"
"30","Raichur District","164","25","15.24"
"31","Shivamogga District","103","5","4.85"
"32","SP Railways","6","1","16.67"
"33","Tumakuru District","225","37","16.44"
"34","Udupi District","56","15","26.79"
"35","Uttara Kannada District","92","27","29.35"
"36","Vijayanagara District","38","10","26.32"
"37","Vijayapur District","55","30","54.55"
"38","Yadgir District","57","32","56.14"
"Total","5124","1032","20.14"
"S.No.","District/Unit Name","Actual Strength","Log Entered Vehicles For 
The Month","Log Not Entered
Vehicles For
The Month","Remarks"
"1","Bagalkot","174","105","69",""
"2","Ballari","175","57","118",""
"3","Belagavi City","238","123","115",""
"4","Belagavi Dist","274","112","162",""
"5","Bengaluru City","3,193","1,486","1707",""
"6","Bengaluru Dist","225","69","156",""
"7","Bengaluru South","173","78","95",""
"8","Bidar","194","76","118",""
"9","Chamarajanagar","110","47","63",""
"10","Chickballapura","133","67","66",""
"11","Chikkamagaluru","192","99","93",""
"12","Chitradurga","181","52","129",""
"13","Coastal Security Police","55","9","46",""
"14","Dakshina Kannada","157","124","33",""
"15","Davanagere","173","65","108",""
"16","Dharwad","102","81","21",""
"17","Gadag","111","61","50",""
"18","Hassan","190","69","121",""
"19","Haveri","166","77","89",""
"20","Hubballi Dharwad City","195","109","86",""
"21","K.G.F","69","26","43",""
"22","Kalaburagi","221","73","148",""
"23","Kalaburagi City","186","76","110",""
"24","Karnataka Railways","91","40","51",""
"25","Kodagu","144","64","80",""
"26","Kolar","168","61","107",""
"27","Koppal","144","105","39",""
"28","Mandya","192","62","130",""
"29","Mangaluru City","212","128","84",""
"30","Mysuru City","210","76","134",""
"31","Mysuru Dist","168","71","97",""
"32","Raichur","188","79","109",""
"33","Shivamogga","189","110","79",""
"34","Tumakuru","256","61","195",""
"35","Udupi","146","99","47",""
"","","","","",""
"S.No.","District/Unit Name","Actual Strength","Log Entered Vehicles For 
The Month","Log Not Entered
Vehicles For
The Month","Remarks"
"36","Uttara Kannada","209","76","133",""
"37","Vijayanagara","157","105","52",""
"38","Vijayapura","203","200","3",""
"39","Yadgir","163","54","109",""
"40","Forest Cell","37","16","21",""
"41","CID","232","7","225",""
"42","ISD Bengaluru","87","15","72",""
"43","State INT","758","98","660",""
"44","APTS Yelahanka","20","8","12",""
"45","Battalion I - Bangalore","63","57","6",""
"46","Battalion II - Belgaum","40","35","5",""
"47","Battalion III - Bangalore","60","44","16",""
"48","Battalion IV - Bangalore","55","49","6",""
"49","Battalion IX - Bangalore","46","46","0",""
"50","Battalion V - Mysore","44","43","1",""
"51","Battalion VI - Gulbarga","42","33","9",""
"52","Battalion VII - Mangalore","36","36","0",""
"53","Battalion VIII - Shimoga","39","38","1",""
"54","Battalion X - Haveri","43","40","3",""
"55","Battalion XI - Hassan","38","35","3",""
"56","Battalion XII Tumakuru","48","46","2",""
"57","Centre for Counter Terrorism","59","24","35",""
"58","Chief Office","130","0","130",""
"59","COMMANDANT MOUNTED","KARP22","7","15",""
"60","DCRE Headquarters Bengalu","ru46","7","39",""
"61","DCRE HQ PS Bengaluru","5","3","2",""
"62","Eastern Range","3","1","2",""
"63","FPB Unit","11","0","11",""
"64","FSL Madiwala","27","0","27",""
"65","I.R.B. Vijayapura","46","27","19",""
"66","IGP Railways","2","0","2",""
"67","IGP TRAINING","11","0","11",""
"68","IIIrd BN KSISF","40","6","34",""
"69","IInd BN KSISF","39","13","26",""
"70","IRB AVATHI","1","0","1",""
"71","IRB Munirabad","47","42","5",""
"72","ISD","177","85","92",""
"73","Ist BN KSISF","48","0","48",""
"74","Kalaburgi Range","9","0","9",""
"S.No.","District/Unit Name","Actual Strength","Log Entered Vehicles For 
The Month","Log Not Entered
Vehicles For
The Month","Remarks"
"75","KPA Mysore","39","5","34",""
"76","KSPTS Channapatna","23","1","22",""
"77","KSPTS Khanapur","20","18","2",""
"78","KSRP PTS BELAGAVI","16","7","9",""
"79","KSRP Training Munirabad","16","12","4",""
"80","PDMS Yelahanka","24","5","19",""
"81","PTC Gulbarga","28","1","27",""
"82","PTS Aimangala","20","1","19",""
"83","PTS Dharwad","18","3","15",""
"84","PTS Hassan","19","3","16",""
"85","PTS Kaduru","17","0","17",""
"86","PTS Mysuru","21","12","9",""
"87","PTS Thanisandra","20","0","20",""
"88","RFSL Ballari","5","1","4",""
"89","RFSL Belgaum","10","0","10",""
"90","RFSL Davanagere","8","2","6",""
"91","RFSL Gulbarga","7","0","7",""
"92","RFSL Hubballi","5","0","5",""
"93","RFSL Mangalore","9","3","6",""
"94","RFSL Mysore","8","4","4",""
"95","SCRB","38","11","27",""
"96","Southern Range","5","1","4",""
"97","SP DCRE Bengaluru City","1","1","0",""
"98","SP DCRE Central Range","4","2","2",""
"99","SP DCRE Eastern Range","2","0","2",""
"100","SP DCRE Northern Range","2","1","1",""
"101","SP DCRE Southern Range","2","0","2",""
"102","SP DCRE Western Range","2","1","1",""
"103","Special Task Force","2","0","2",""
"104","State Wireless","81","16","65",""
"105","TTI Bangalore","3","0","3",""
"106","Western Range","3","1","2",""
"","Grand Total","12616","5505","7111",""
"SL.No","Service Name","Received","Disposed","Pending"
"1","Job / Service Verification","35118","20330","14788"
"2","Police Verification Certificate(PVC) for Central/State Govt employees if request is received directly by the employee / By Concerned 
Department","496","234","262"
"3","Police Clearance Certificate for going abroad (Visa for studies)/ Police Clearance Certificate for Foreign Nationals","220","129","91"
"4","Police verification Certificate for Coolies/Loader/Class IV Security Staff/ Supervisor at Airport (Individual applicants only)","9487","5221","4266"
"5","Police Verification Certificate for domestic servants/house keeping","0","0","0"
"6","Police Verification Certificate for Institutions/ Companies","62","29","33"
"7","Police verification Certificate for Marriage Alliances","13","8","5"
"8","Police verification Certificate for Training Apprenticeship at Public Undertakings /for trainees/ Workers working on daily wages at Govt. Institutions","6762","3311","3451"
"9","Amplified Sound System","785","545","240"
"10","Missing Report of documents, Mobile phone etc","262","39","223"
"11","Disposal of petitions","22","2","20"
"12","Locked Home Details","0","0","0"
"13","Senior Citizen Registration","277","0","277"
"14","Complaint Registration","40","5","35"
"15","License for Amusement","0","0","0"
"16","No obligation to return to India (NORI) Certificate","0","0","0"
"17","NOC for petrol pump,gas agency,hotel,bar etc.","0","0","0"
"18","Permission for Peaceful Assembly and procession","2","0","2"
"19","Application for Temporary License for Sale of Crackers","0","0","0"
"20","NOC for setting up of Petroleum, Diesel and Naphtha sale and transport","0","0","0"
"Total","53546","29853","23693"
"Unitwise Statistics of cases Booked under COTPA Act 2003
for the month of February- 2026"
"Sl. No.","Unit / District","Section 4","Section 5","Section 6A","Section 6B","Section7","Total Fine Amount"
"(1)","(2)","(3)","(4)","(5)","(6)","(7)","(8)"
"I","Commissionerate"
"1","Bengaluru City","3958","1","24","18","27","582230"
"2","Mysuru City","579","0","0","0","0","62200"
"3","Hubli-Dharwad City","284","0","0","0","0","30100"
"4","Mangaluru City","137","0","0","0","0","5820"
"5","Belagavi City","76","0","0","0","0","4350"
"6","Kalburgi City","83","0","0","0","0","12900"
"II","Central Range"
"1","Bengaluru Dist.","196","0","0","0","0","18800"
"2","K.G.F.","199","0","0","0","0","12150"
"3","Kolar","554","0","0","0","0","49250"
"4","Tumakuru","818","0","0","0","0","88450"
"5","Chickballapura","817","0","0","0","0","76700"
"6","Ramanagara","129","0","0","0","0","13000"
"III","Eastern Range"
"1","Chitradurga","916","0","0","0","0","64375"
"2","Davanagere","331","0","0","0","0","34350"
"3","Shivamogga","896","0","0","0","0","49300"
"4","Haveri","100","0","0","0","0","7900"
"IV","Western Range"
"1","Chickmagalur","526","0","0","0","0","76700"
"2","D.K.","452","0","0","0","0","24850"
"3","Udupi","387","0","0","0","0","42800"
"4","U.K.","402","0","0","0","0","41200"
"V","Northern Range"
"1","Bagalakote","0","0","0","0","12","0"
"2","Belagavi dist.","40","0","0","0","0","4000"
"3","Vijayapura","89","0","0","0","0","9000"
"4","Dharwad","12","0","0","0","0","1200"
"5","Gadag","540","0","0","0","0","50100"
"VI","North Eastern Range"
"1","Bidar","41","0","0","0","0","5100"
"2","Kaburgi","30","0","48","0","0","10800"
"3","Yadgiri","50","0","0","0","0","5000"
"VII","Southern Range"
"1","Chamarajanagar","0","0","0","0","0","0"
"2","Hassan","525","0","0","0","0","43000"
"3","Kodagu","95","0","0","0","0","11450"
"4","Mandya","281","0","0","0","0","24950"
"5","Mysuru Dist.","57","0","0","0","0","5800"
"VIII","Ballari Range"
"1","Ballari","174","0","0","0","0","17400"
"2","Vijayanagara","281","0","0","0","0","21550"
"3","Koppal","141","0","0","0","0","14100"
"4","Raichur","450","0","0","0","0","44600"
"IX","Karnataka Railways","76","0","0","0","0","15200"
"Total","14722","1","72","18","39","1580675"
